{"noiseKey":{"private":{"type":"Buffer","data":"kE2w/kZJSLNhBKLEbo0TEIWDzPRrrh2nj2s7TZfMp2o="},"public":{"type":"Buffer","data":"SUxt38Em4lWkm5N3pdXUVkUEtQdM0d5MpRreflsCQnw="}},"pairingEphemeralKeyPair":{"private":{"type":"Buffer","data":"WOdNqeC3u6ahjnmk/GbtHuQAVVI7Qd/8pJNUN8oLC1Y="},"public":{"type":"Buffer","data":"19t7umdToswpmi9Vk0KwTXIOvCFqfrU/9N84uU4Dh2s="}},"signedIdentityKey":{"private":{"type":"Buffer","data":"qEvHtmcH/109ZjBgH3MRq5N4YGkFlFgUDSOMIxpxemQ="},"public":{"type":"Buffer","data":"uV4uI4cH3v1EDmrXcVQmo3UpJ1TTGldh9m0uWIPA7WU="}},"signedPreKey":{"keyPair":{"private":{"type":"Buffer","data":"KHmbbzxxFIYRI+hdhC4/3F4h6DkzPs/Lz46Zo9/nOks="},"public":{"type":"Buffer","data":"nBNnug3o+hOv41xUgh4QqRgisrsjZZQwurxjaWKyBGE="}},"signature":{"type":"Buffer","data":"RX5s+TsziP3Qp3ZkpQXIadOPGQJ7uGqc/PBOP9HPq2zsuXFmM5SBZZ2gjo2izRFDRkKqKwTQ+ka9lIyN8OfeDw=="},"keyId":1},"registrationId":223,"advSecretKey":"CNHwrjC1DeetK+vhMh/1Ob/uvZ5WujIOmJa0W8AUp7U=","processedHistoryMessages":[],"nextPreKeyId":67,"firstUnuploadedPreKeyId":67,"accountSyncCounter":0,"accountSettings":{"unarchiveChats":false},"registered":true,"pairingCode":"K22V5D41","me":{"id":"27630945836:30@s.whatsapp.net","lid":"230657578016903:30@lid","name":".nokwandandlovu🥹🫀"},"account":{"details":"CP+ogeABEI+96sUGGAggACgA","accountSignatureKey":"ZT9kMeRU7yl4H8Bdi3Zx661YRIabig8fNdilIZ9zFnU=","accountSignature":"0aT2UnnOIkwW1jUGOBA2q5WxcLBG+ZqGpBkErHhp3MCxk1pGyn56lmjthaR5SaBocfqy68nD5oNSiyawE2tDDA==","deviceSignature":"/l7a0rj6l4FTC+BvSb2aPJBEyb3sBlgAqaG+R2vjf1DgND5lA5xrEdrRYrH8CA2/cJwvRPY6voKKT5YITPhQCA=="},"signalIdentities":[{"identifier":{"name":"27630945836:30@s.whatsapp.net","deviceId":0},"identifierKey":{"type":"Buffer","data":"BWU/ZDHkVO8peB/AXYt2ceutWESGm4oPHzXYpSGfcxZ1"}}],"platform":"android","routingInfo":{"type":"Buffer","data":"CAMIEg=="},"lastAccountSyncTimestamp":1757060754,"lastPropHash":"3R9Z39"}