{"_sessions":{"BYtbXVFBgg+9a2ohmlpjMc9esA58x1Q3X7Ry0YQj0LMC":{"registrationId":896405826,"currentRatchet":{"ephemeralKeyPair":{"pubKey":"BX1qYzI7zsK+Lm7buSQBGBwpNXWW0R4lQQUWbH0D3Nwu","privKey":"INLZpdls0wwTAeQMbxi1fKyjnyP6A7Vd/THz53Qx/VM="},"lastRemoteEphemeralKey":"Bbch8kOk4D5/+uyx585+ctxmEz2/iiohE48EJhSD00pq","previousCounter":0,"rootKey":"cHAjWXR/DtBGo0X+0FoBeOHnzi5tnl4PgS/B9IZP+pg="},"indexInfo":{"baseKey":"BYtbXVFBgg+9a2ohmlpjMc9esA58x1Q3X7Ry0YQj0LMC","baseKeyType":1,"closed":-1,"used":1757066510415,"created":1757066510415,"remoteIdentityKey":"BdhGom07ehTpnnt4saIASMDLtf7r0bfdPe5+UAjKF5Mo"},"_chains":{"BX1qYzI7zsK+Lm7buSQBGBwpNXWW0R4lQQUWbH0D3Nwu":{"chainKey":{"counter":0,"key":"hOvoPpnBDz0bSfv1J/HQewJbfphAoDLi/IZ1pDl+jdc="},"chainType":1,"messageKeys":{}}},"pendingPreKey":{"signedKeyId":0,"baseKey":"BYtbXVFBgg+9a2ohmlpjMc9esA58x1Q3X7Ry0YQj0LMC","preKeyId":14698940}}},"version":"v1"}