{"_sessions":{"BciEQ1KLI/3MI4aslnSF5eARlCfpFaxWK0mTYJptwHpf":{"registrationId":1228257423,"currentRatchet":{"ephemeralKeyPair":{"pubKey":"BQP2CQyYM733uKUdDyCnmFLmLTBHrrrxxaej2DvgmoR6","privKey":"MGp53IYUxl696zlLJSdPWK4FMzgRzib3qcpGWvxMKGc="},"lastRemoteEphemeralKey":"BflIYsqFmFdv/AO+Sp0wBGYOAxF2t7qaibrKDl+E/Etv","previousCounter":0,"rootKey":"ir6DlREczAOdlVpO9VzQGRTi2LX2dvCppWEupN8P2CY="},"indexInfo":{"baseKey":"BciEQ1KLI/3MI4aslnSF5eARlCfpFaxWK0mTYJptwHpf","baseKeyType":1,"closed":-1,"used":1757066510905,"created":1757066510905,"remoteIdentityKey":"BTd9DAoyRTVc5kRq1XEzXO10W5ET5EktD7mNZoWLGBA/"},"_chains":{"BQP2CQyYM733uKUdDyCnmFLmLTBHrrrxxaej2DvgmoR6":{"chainKey":{"counter":0,"key":"+CpX57/32HLE0lnduJVE4qoVWQN9WgHuj0ECWcTsKOw="},"chainType":1,"messageKeys":{}}},"pendingPreKey":{"signedKeyId":10,"baseKey":"BciEQ1KLI/3MI4aslnSF5eARlCfpFaxWK0mTYJptwHpf","preKeyId":10507278}}},"version":"v1"}