{"_sessions":{"BdeygZZiBSJKX1Csf6fkqxPLFYMCP3ybZpeCdsdzYOh1":{"registrationId":609303521,"currentRatchet":{"ephemeralKeyPair":{"pubKey":"BedwRys6om0eFVYEfed7H0YbhT9aJZ+zIrmjc4DZyV9G","privKey":"oAR58BggDSH3PDgiPRolt6tnijzVzTzb+l2U4d1xIUw="},"lastRemoteEphemeralKey":"BWi/Os2CDbZyE51gdvzeg94BvQEdDL7V+wZFxSzEpIAQ","previousCounter":0,"rootKey":"yp655/KKG/+8ykxw3v5pEPFZd3voaRPJjAR1loUb6iQ="},"indexInfo":{"baseKey":"BdeygZZiBSJKX1Csf6fkqxPLFYMCP3ybZpeCdsdzYOh1","baseKeyType":1,"closed":-1,"used":1757066510899,"created":1757066510899,"remoteIdentityKey":"BQ1n9gzGVsoCj92pvip5JB4VbQ8gyAzIZ53xbvht4e8c"},"_chains":{"BedwRys6om0eFVYEfed7H0YbhT9aJZ+zIrmjc4DZyV9G":{"chainKey":{"counter":0,"key":"GqOPYSZ67k4FJ3Ma6qmE9z07ufNmkMVa3PsakzEolEg="},"chainType":1,"messageKeys":{}}},"pendingPreKey":{"signedKeyId":1,"baseKey":"BdeygZZiBSJKX1Csf6fkqxPLFYMCP3ybZpeCdsdzYOh1","preKeyId":8825159}}},"version":"v1"}