{"_sessions":{"BZ6cY8kX3CrrSv3z5zJlUVHoXxIbnwyr0dZuah647i9p":{"registrationId":2110641375,"currentRatchet":{"ephemeralKeyPair":{"pubKey":"BQvku4BczwXICyk5DAYbZ4gOzttR+kQF+OTFXZgXpmce","privKey":"OGeGvXInuaFYGkeBGdovgteunKu/d+Vj3q0BEkcokUM="},"lastRemoteEphemeralKey":"BQKjP5y7fsDew+sloXfRA6kJ6BRNZd5QuzLxCbtjZuZN","previousCounter":0,"rootKey":"ROKf3e1Lw09ZYZVAHdSgmZcUs2vuR578ZPaD6RR+kx0="},"indexInfo":{"baseKey":"BZ6cY8kX3CrrSv3z5zJlUVHoXxIbnwyr0dZuah647i9p","baseKeyType":1,"closed":-1,"used":1757066510809,"created":1757066510809,"remoteIdentityKey":"BWYHZdnN68H9rE2ih1ItmAjJM3OPO5Z5KNx1jpIZ5vBt"},"_chains":{"BQvku4BczwXICyk5DAYbZ4gOzttR+kQF+OTFXZgXpmce":{"chainKey":{"counter":0,"key":"4X/d7wgtNFqjeGqPIUqjDPYK5S242IwECqBhWruNniA="},"chainType":1,"messageKeys":{}}},"pendingPreKey":{"signedKeyId":2,"baseKey":"BZ6cY8kX3CrrSv3z5zJlUVHoXxIbnwyr0dZuah647i9p","preKeyId":3983979}}},"version":"v1"}