{"_sessions":{"BcuYxUc+ASl/Bnx+GQWL/vWneaxYBubfondpBzT34q1B":{"registrationId":1715034820,"currentRatchet":{"ephemeralKeyPair":{"pubKey":"BfEPtqH2hjHngbVGiWa0FgEQQBjeEdFZuxE4jvwOeyAf","privKey":"iKYEXJtfiUuC9mwtDRoOOPTe8G5qkL+9csimr/kEPFY="},"lastRemoteEphemeralKey":"BViSMGO78aL8q1RnPjW58K6eao29YLnkU5jR2L7YMUgj","previousCounter":0,"rootKey":"+eyUwzfDtPtE0D5uux94kHbdKgA45+sOjBzdfdrZeWs="},"indexInfo":{"baseKey":"BcuYxUc+ASl/Bnx+GQWL/vWneaxYBubfondpBzT34q1B","baseKeyType":1,"closed":-1,"used":1757066510399,"created":1757066510399,"remoteIdentityKey":"BTWtOEU/Ji8peITgLj/VCiRG5tymXtg6TLfkq5wDBY1p"},"_chains":{"BfEPtqH2hjHngbVGiWa0FgEQQBjeEdFZuxE4jvwOeyAf":{"chainKey":{"counter":0,"key":"u6OgFs9kpicJn5VWKxSdiBUpaR2j9XqJNxrjRO2fx2k="},"chainType":1,"messageKeys":{}}},"pendingPreKey":{"signedKeyId":16,"baseKey":"BcuYxUc+ASl/Bnx+GQWL/vWneaxYBubfondpBzT34q1B","preKeyId":15385382}}},"version":"v1"}