{"_sessions":{"BWGdCEFX/BYmIhDzvuRI/kliHbCqG9Oe3LHaznJfpPM8":{"registrationId":218,"currentRatchet":{"ephemeralKeyPair":{"pubKey":"BTE6QRDWMZct0tb99XBqX0UqTTJ07y5MVbgQJ5TGA+Y1","privKey":"WFVRWLFQ15WPmD1p9msi56e4fRJsFY31xxEm84wPAmg="},"lastRemoteEphemeralKey":"Bfkr6qH+9V+D95yT4xgegumycNq1H/UuutWSaAX28w9q","previousCounter":0,"rootKey":"LdKfObcgUV3ZlyF7+NNAdGa4xYzl51Dpmx20KtnDVGc="},"indexInfo":{"baseKey":"BWGdCEFX/BYmIhDzvuRI/kliHbCqG9Oe3LHaznJfpPM8","baseKeyType":1,"closed":-1,"used":1757066577347,"created":1757066512118,"remoteIdentityKey":"BXEEmCgTt1XZr1Vvh+Tr5noMSC0pdvK2E3RxpcsHZNM/"},"_chains":{"Bfkr6qH+9V+D95yT4xgegumycNq1H/UuutWSaAX28w9q":{"chainKey":{"counter":0,"key":"Ee5V2nDJBEw+Q2d6ULWU0hvTxVpIIjvmRwqQzeMLHF4="},"chainType":2,"messageKeys":{}},"BTE6QRDWMZct0tb99XBqX0UqTTJ07y5MVbgQJ5TGA+Y1":{"chainKey":{"counter":-1,"key":"4o13OQQa5ExaMlV4CaNLKGuiMg+16+StymZ4Wn6XxAA="},"chainType":1,"messageKeys":{}}}}},"version":"v1"}