{"_sessions":{"BXL0TH/WqygaanYceVJXiogkm1xTdiWEgDIP4eYYEA8M":{"registrationId":849995838,"currentRatchet":{"ephemeralKeyPair":{"pubKey":"BddiCpVw1IlsQSJpKqWKKDq1vN+XV2NG3fsx2+bqwXF1","privKey":"sPd8GRCLjguwtBUHEvwxgIlBBNUfj7s1SfvLegUoEHo="},"lastRemoteEphemeralKey":"BaRx0VsE0vO7WkVbhjoZ31LtSy2ew0zHU4QiW3K117RJ","previousCounter":0,"rootKey":"rLaAfN9GCtg2Tfpao5IpivwLzH/BqELiOjZuO/5Dioc="},"indexInfo":{"baseKey":"BXL0TH/WqygaanYceVJXiogkm1xTdiWEgDIP4eYYEA8M","baseKeyType":1,"closed":-1,"used":1757066955521,"created":1757064377269,"remoteIdentityKey":"BWU/ZDHkVO8peB/AXYt2ceutWESGm4oPHzXYpSGfcxZ1"},"_chains":{"BQIKS4bF8xEjvuB57IwKtHlLyD52jQvbrsRuvLA+zOwN":{"chainKey":{"counter":1},"chainType":2,"messageKeys":{}},"BUgDKepkJW4S2JKzTLPc86gzqWnc+PHmdjQfXpaXzt1l":{"chainKey":{"counter":0},"chainType":2,"messageKeys":{}},"Ba7pLIVynoPWR7dF8qMWMqvLlXqPkx53mPaFD3ysQ8Mz":{"chainKey":{"counter":3},"chainType":2,"messageKeys":{"1":"dljga8Jnk5SjBo/E44YyXztnukemDyMd8DS+V9az2Pk=","2":"9TGtE/DYrNSPhQGPBwMRHKIeauTTg09KVZbaeTSVKKg=","3":"Ug3hkRmftqBIMUSAMo0tl6SnB4H8RfxEBPPOLd+2BIU="}},"BTNjV5vaBlEs2vqz0rZNr7IDT1OL1/ACBT4Lxj0X2axc":{"chainKey":{"counter":1},"chainType":2,"messageKeys":{"1":"cVHR/nTNOWd8eezwmX8vW+b8dkT/2y6c3SDhMe7NwKk="}},"BdLG6WVNS2rXhB01zpZlt6NQ0OGRGXh+SCBOI7viCzoG":{"chainKey":{"counter":1},"chainType":2,"messageKeys":{"1":"Aad/o3bivB5lZ/602YtiQ4o6x7lSjud3sKwl+BGu72Y="}},"BaDsjXzmajqqwepV9Ku0TvdpGG+XQxtoEx9zRuangcIk":{"chainKey":{"counter":0},"chainType":2,"messageKeys":{}},"BacS+9yywYH1YpaI6bgM6TEgKEVWgAa8yGlH3441sPRa":{"chainKey":{"counter":3},"chainType":2,"messageKeys":{}},"BaRx0VsE0vO7WkVbhjoZ31LtSy2ew0zHU4QiW3K117RJ":{"chainKey":{"counter":3,"key":"tvbqoH14kSlDaDARuqoN7eqjnrl0vDZy89DNKsesxpQ="},"chainType":2,"messageKeys":{}},"BddiCpVw1IlsQSJpKqWKKDq1vN+XV2NG3fsx2+bqwXF1":{"chainKey":{"counter":-1,"key":"hNA+yU6vt/ac9tf1StMwWtwT67uLvcI1H5Zz0eB9jhM="},"chainType":1,"messageKeys":{}}}}},"version":"v1"}