{"_sessions":{"BVsbjXVQpf5fCqtmp7ZfDHVGQmdtVIS7Zo9MhMimcLdn":{"registrationId":114883281,"currentRatchet":{"ephemeralKeyPair":{"pubKey":"BUroStdBgno09031nFUaywiJfb10XXxdyVdUj2Sdmhci","privKey":"0PdFKrg2gVSfkn1mjkKK6aSLoMaGXaoA/xoSDfzIuWY="},"lastRemoteEphemeralKey":"BYChqW94i7MODwtLH2d0vfl7PY5D50J1sxqH9jV9rsB6","previousCounter":0,"rootKey":"iBaqfaZ0DYUW53x0CoPl/Fu/qJmBKRrwnCuCBH0xkTE="},"indexInfo":{"baseKey":"BVsbjXVQpf5fCqtmp7ZfDHVGQmdtVIS7Zo9MhMimcLdn","baseKeyType":1,"closed":-1,"used":1757066509914,"created":1757066509914,"remoteIdentityKey":"BXo5Sv1M7UPPRGYczZY6b3g4JilEeAW6fLtq4NQkRpkB"},"_chains":{"BUroStdBgno09031nFUaywiJfb10XXxdyVdUj2Sdmhci":{"chainKey":{"counter":0,"key":"8Bo6nO27+v+QDKcoPxPMHmtklOrL2fOjja5ohlOMpOA="},"chainType":1,"messageKeys":{}}},"pendingPreKey":{"signedKeyId":14,"baseKey":"BVsbjXVQpf5fCqtmp7ZfDHVGQmdtVIS7Zo9MhMimcLdn","preKeyId":13254158}}},"version":"v1"}