{"_sessions":{"BSGHFmV9v0CF2hT8V6y/uWsyMljHPI3I3ukoSCqA2tto":{"registrationId":160271665,"currentRatchet":{"ephemeralKeyPair":{"pubKey":"BRtmrdJgRY2KlSnv+geruXO/HqmMxio2Xuf2CG0wtIMa","privKey":"KFY2vIecuA+BLsm89YrSyY7jlohRyWgwM2EJyJb+rUE="},"lastRemoteEphemeralKey":"BW3J0T7WJgnMME9cfXiTwfoZP81CGhO4nBlNTFPD6Dlh","previousCounter":0,"rootKey":"wfH3rJOR1qQj/0yLG0YSaa1fO+nOfZCRgTpuBf471iI="},"indexInfo":{"baseKey":"BSGHFmV9v0CF2hT8V6y/uWsyMljHPI3I3ukoSCqA2tto","baseKeyType":2,"closed":1757065167006,"used":1757065164819,"created":1757065164819,"remoteIdentityKey":"BamZ3RRvDaK8Hlxxh7SWp503+umjheJi1/3gNp8E+0A7"},"_chains":{"BW3J0T7WJgnMME9cfXiTwfoZP81CGhO4nBlNTFPD6Dlh":{"chainKey":{"counter":1,"key":"vgxap4vvUYT80WB2oMDMqJtqHyJ9cOb8Qbg5SBhTrHI="},"chainType":2,"messageKeys":{}},"BRtmrdJgRY2KlSnv+geruXO/HqmMxio2Xuf2CG0wtIMa":{"chainKey":{"counter":-1,"key":"XYY7Snw4RyP+cWwh6sjCNuwUN5WwwIyLMpd2YuMwZl8="},"chainType":1,"messageKeys":{}}}},"BS80ooAmCYfeFG1qBH/H8S8ZsiNiKzfoCxWLgBBV3Uxe":{"registrationId":160271665,"currentRatchet":{"ephemeralKeyPair":{"pubKey":"BWdKiGZtlWSTxWxOFXLLLuF9USKeiyyqkUF4kPte7ysV","privKey":"8Hfp6MRf7cP1gMjVUPRvQN+ADC0lphURqyJxQ/1HbHg="},"lastRemoteEphemeralKey":"BX1JSI+WF0HrESO8wecpk6SuswbV+hUNpuX35UU9gMoC","previousCounter":0,"rootKey":"w7OormBYpd4PKeAJFcKJWlKZkTyC/kUs//77Hh2oB/4="},"indexInfo":{"baseKey":"BS80ooAmCYfeFG1qBH/H8S8ZsiNiKzfoCxWLgBBV3Uxe","baseKeyType":2,"closed":-1,"used":1757065167010,"created":1757065167010,"remoteIdentityKey":"BamZ3RRvDaK8Hlxxh7SWp503+umjheJi1/3gNp8E+0A7"},"_chains":{"BX1JSI+WF0HrESO8wecpk6SuswbV+hUNpuX35UU9gMoC":{"chainKey":{"counter":0,"key":"Y0BUsgv5tduly6bpxFK3jGcWs2exzTzjdQMdgWSK6bs="},"chainType":2,"messageKeys":{}},"BWdKiGZtlWSTxWxOFXLLLuF9USKeiyyqkUF4kPte7ysV":{"chainKey":{"counter":-1,"key":"goW8c/j5wy0lL1jqJxJBt56ebC+X3f6wF/XuuJwwBrw="},"chainType":1,"messageKeys":{}}}}},"version":"v1"}