{"_sessions":{"Bf2CmyUQywIeZmRW+FN1/XdujvzocpDsw5+izLoHYhVs":{"registrationId":963910235,"currentRatchet":{"ephemeralKeyPair":{"pubKey":"BbeTx4lD2ji2TtmRrCEKm0Dq1H0aYfdxdCZmPjGrGjVK","privKey":"GIjPDqKhE/GawvXd4hvckC76wR9AXDOFwAp6AHugXHw="},"lastRemoteEphemeralKey":"BXahMGLd2uWD2LzOmS+LGrZg6LCKUgLa6enqJJm1JgYs","previousCounter":0,"rootKey":"M7YPsI+HeJ+qgdkcJygHlwLFxx4nzx/rsotBo1krQ9A="},"indexInfo":{"baseKey":"Bf2CmyUQywIeZmRW+FN1/XdujvzocpDsw5+izLoHYhVs","baseKeyType":1,"closed":-1,"used":1757066511112,"created":1757066511112,"remoteIdentityKey":"Bfjy3mETU+AuXHkzw6vrGUEhi9lfqjQOeXgp9bZIA6oe"},"_chains":{"BbeTx4lD2ji2TtmRrCEKm0Dq1H0aYfdxdCZmPjGrGjVK":{"chainKey":{"counter":0,"key":"sYFHH4IgceuR4LVO8/GHXBOInr7OyD11DcyvWNVmQ1s="},"chainType":1,"messageKeys":{}}},"pendingPreKey":{"signedKeyId":17,"baseKey":"Bf2CmyUQywIeZmRW+FN1/XdujvzocpDsw5+izLoHYhVs","preKeyId":11968082}}},"version":"v1"}