{"_sessions":{"BSdaNO6RFXB/vYBG4lYOoVY/MJTaWA7VSfT7YS7rq3Mj":{"registrationId":624392416,"currentRatchet":{"ephemeralKeyPair":{"pubKey":"BUz6pHXshhNdBJeuDw8cnYvJ8r76pnKCgIdecLN3L2hU","privKey":"6KIuApY6dO3fmiaP1CEKlRgPMlhw93+cM+u+GiYIX1Y="},"lastRemoteEphemeralKey":"BTaX2jFVmNjpnT2IEr2AwxNiY53mlNK4e/ZV7hRYEPN1","previousCounter":0,"rootKey":"eRxfgch9q5fs7YlH6O6uXCKbwgats/NbePqbJyq7jQQ="},"indexInfo":{"baseKey":"BSdaNO6RFXB/vYBG4lYOoVY/MJTaWA7VSfT7YS7rq3Mj","baseKeyType":1,"closed":-1,"used":1757066510609,"created":1757066510609,"remoteIdentityKey":"Bdw25Ixv2AhBCJs77UAoWE4aTEeCoawZtYkUz7I3qxE3"},"_chains":{"BUz6pHXshhNdBJeuDw8cnYvJ8r76pnKCgIdecLN3L2hU":{"chainKey":{"counter":0,"key":"bvgWeorFgPoMpYtSyxCt32gQqr+dLFjIJmQX7Oy4wJs="},"chainType":1,"messageKeys":{}}},"pendingPreKey":{"signedKeyId":10,"baseKey":"BSdaNO6RFXB/vYBG4lYOoVY/MJTaWA7VSfT7YS7rq3Mj","preKeyId":8737080}}},"version":"v1"}