{"_sessions":{"BbUIzXgEWWu3h8ZfXPSPzrLCt3CEdkVynpsZdpOWLegc":{"registrationId":262459370,"currentRatchet":{"ephemeralKeyPair":{"pubKey":"BWT5GS6nUMmv6t3jiw53uraa87T0/w98iCbDxNxFJeJ3","privKey":"uPa9/g15fdfg+HsuOHJUZOKyLw4YB00Q7QlQE/RdBmo="},"lastRemoteEphemeralKey":"BYyQAFv+nWZ1dR8ZYFAUii5m3uEh7GFeiWZbkTaQw5VZ","previousCounter":0,"rootKey":"gjQzAkK1acYVJVdeaHSCUUZJ/P6SFDJZq0z+j/qOesc="},"indexInfo":{"baseKey":"BbUIzXgEWWu3h8ZfXPSPzrLCt3CEdkVynpsZdpOWLegc","baseKeyType":1,"closed":-1,"used":1757066510705,"created":1757066510705,"remoteIdentityKey":"BZGL/EP8CX5YAlTyi85WM9r5jKvuehDn100GHpIUZ5pq"},"_chains":{"BWT5GS6nUMmv6t3jiw53uraa87T0/w98iCbDxNxFJeJ3":{"chainKey":{"counter":0,"key":"xjRtgDV5dJBYNfPEESigEiFk5z1bhNH2eMMw9BoMF7A="},"chainType":1,"messageKeys":{}}},"pendingPreKey":{"signedKeyId":18,"baseKey":"BbUIzXgEWWu3h8ZfXPSPzrLCt3CEdkVynpsZdpOWLegc","preKeyId":4186739}}},"version":"v1"}