{"_sessions":{"BXOnFG57E6JqvzI1TwRjg/KBVzY7YUfzclp5pUfiyvlI":{"registrationId":860100725,"currentRatchet":{"ephemeralKeyPair":{"pubKey":"BfE0n58jSMZkTYUUBw/1J2NWJ+7F5YJ6Auk+JOG0XChE","privKey":"wJsoRntHrNAkPQ5yWCLbtSi5Xgt2x/AhxEibZmBKClA="},"lastRemoteEphemeralKey":"Bdze5zAdFt5gKcr/inQy5tQKVUG3hCgsGmMcYL8t4EFE","previousCounter":0,"rootKey":"wV/Ze6csG8yCrFv4kPzuMsk6mttLE0Ev0srI87FUsFk="},"indexInfo":{"baseKey":"BXOnFG57E6JqvzI1TwRjg/KBVzY7YUfzclp5pUfiyvlI","baseKeyType":1,"closed":-1,"used":1757066510007,"created":1757066510007,"remoteIdentityKey":"BXpgzaDZ+h6T2flUl6zRqSjrXXOF+8j/jYpRH9DeT1RG"},"_chains":{"BfE0n58jSMZkTYUUBw/1J2NWJ+7F5YJ6Auk+JOG0XChE":{"chainKey":{"counter":0,"key":"QYS9k7T7Q9UdVmWn63LnHSQeljgPUNPZwyXrxgVIw5I="},"chainType":1,"messageKeys":{}}},"pendingPreKey":{"signedKeyId":0,"baseKey":"BXOnFG57E6JqvzI1TwRjg/KBVzY7YUfzclp5pUfiyvlI","preKeyId":9171642}}},"version":"v1"}