{"_sessions":{"Ba37E58m1kSPs0FXqHimRzru1SIok0iGFT0ntW0MrSBH":{"registrationId":232,"currentRatchet":{"ephemeralKeyPair":{"pubKey":"BTpx70fFd/yNBzRGuBpYVk5Ea0Q7AyKwv0MRoBhpXptw","privKey":"oLBcDa1RIPZXix9+oNPAR0hWX4saGCGMC/AvPVvZ704="},"lastRemoteEphemeralKey":"BfntMnuTyCNdGQX64Kx6yjSfAAl0an6YNGBUiDKrQLRe","previousCounter":0,"rootKey":"fHHTwsmJi+3Pv3QRSr29wwL1Nip8HV7K5Sx7m2dyNuU="},"indexInfo":{"baseKey":"Ba37E58m1kSPs0FXqHimRzru1SIok0iGFT0ntW0MrSBH","baseKeyType":1,"closed":-1,"used":1757066512106,"created":1757066512106,"remoteIdentityKey":"BUM2nsSTqbE5Vq8RMt1i/Ft0rjz1U8pIn4YERsWnknow"},"_chains":{"BTpx70fFd/yNBzRGuBpYVk5Ea0Q7AyKwv0MRoBhpXptw":{"chainKey":{"counter":0,"key":"x2jw5K1gyyUel7pfp7tfWQV9NM8QCYNspz4aunBVans="},"chainType":1,"messageKeys":{}}},"pendingPreKey":{"signedKeyId":1,"baseKey":"Ba37E58m1kSPs0FXqHimRzru1SIok0iGFT0ntW0MrSBH"}}},"version":"v1"}