{"_sessions":{"BYI/cBPdYgWAa0WqXl54l39g0/mwfqY4NOMsI1b2/vU0":{"registrationId":1718174252,"currentRatchet":{"ephemeralKeyPair":{"pubKey":"BdhfmwECsXE0Tf7Xm6VM+MNyegZ4P6+tLv5Aey+bVcJb","privKey":"EAEYOGhHDCLYEEf4mx68/I5cmIRBCxEnI92Lvfq741k="},"lastRemoteEphemeralKey":"BZlvs/Ha1iRmPgVCpFWJpqzj4LULEjdJCw8t3KAm2cpm","previousCounter":0,"rootKey":"QAbrnUeCFwcBQQ0i5vnYsEBdIRg2IR3/sIULe6Sn/mw="},"indexInfo":{"baseKey":"BYI/cBPdYgWAa0WqXl54l39g0/mwfqY4NOMsI1b2/vU0","baseKeyType":1,"closed":-1,"used":1757066510313,"created":1757066510313,"remoteIdentityKey":"BatfDhG/sycCQ9D9VttSHZ2TXHBGCAU2Aq7+7DyjFGd6"},"_chains":{"BdhfmwECsXE0Tf7Xm6VM+MNyegZ4P6+tLv5Aey+bVcJb":{"chainKey":{"counter":0,"key":"+gLJlhaQOS5SBR8q/FN7CgkFDO3EHkKAnahveiDXRoI="},"chainType":1,"messageKeys":{}}},"pendingPreKey":{"signedKeyId":1,"baseKey":"BYI/cBPdYgWAa0WqXl54l39g0/mwfqY4NOMsI1b2/vU0","preKeyId":12797219}}},"version":"v1"}