{"_sessions":{"Beo6LpnuQQKQICq2pO9TbMHA9VXbQXaubsrXf0CJddQC":{"registrationId":602385170,"currentRatchet":{"ephemeralKeyPair":{"pubKey":"BZBkPMU+3N6fap+4lNLljn+8H9LCmjFdSO2dTF9QSXIa","privKey":"2IBMHKP4JnZDB/fglQtNbhBerGlFm7XPJH8JdRe0VGE="},"lastRemoteEphemeralKey":"BXZ01ObcL476hQYP417c+a/VfByVHjrVC1AQ4NsJg9hv","previousCounter":0,"rootKey":"ovEBYE12d+pdJnwHleHvj/MwMJBtgoZSwqJ9Z1TVPFE="},"indexInfo":{"baseKey":"Beo6LpnuQQKQICq2pO9TbMHA9VXbQXaubsrXf0CJddQC","baseKeyType":1,"closed":-1,"used":1757066510205,"created":1757066510205,"remoteIdentityKey":"BW9nVhQDc0fcHPyy/EOt2CoaMe1/ZGcG+y4egZeNaGNr"},"_chains":{"BZBkPMU+3N6fap+4lNLljn+8H9LCmjFdSO2dTF9QSXIa":{"chainKey":{"counter":0,"key":"wiPy59JIUcXCSnoORpC+geRzhEwX+7dvRii0ZMHd+/Y="},"chainType":1,"messageKeys":{}}},"pendingPreKey":{"signedKeyId":0,"baseKey":"Beo6LpnuQQKQICq2pO9TbMHA9VXbQXaubsrXf0CJddQC","preKeyId":14725126}}},"version":"v1"}