{"_sessions":{"BeYu25aetSMt/6PojP/H7fWedasApShmPcMjeFIl30Qb":{"registrationId":79,"currentRatchet":{"ephemeralKeyPair":{"pubKey":"BTnUZp0L8761TkszSnCvqSzsGGf1e4eFXV6rjjfsFio2","privKey":"yCPJwZU18+bKOkV9jf9JfMN8C3eDWuYijrFqLxJe1Uk="},"lastRemoteEphemeralKey":"BU6pzBHMDIFEh99PBMnnXRSNtOf0sxFD5fVtADQYdDoT","previousCounter":0,"rootKey":"/P9A/JOAfCrKxaPf4DgWjPSjNKb7L1Ejs7e2YkrYUcE="},"indexInfo":{"baseKey":"BeYu25aetSMt/6PojP/H7fWedasApShmPcMjeFIl30Qb","baseKeyType":1,"closed":-1,"used":1757064377264,"created":1757064377264,"remoteIdentityKey":"BdBvLDzxxfz0PBZcAi3w/Jexr7Gv+eHEvYcQqb7RIL0P"},"_chains":{"BTnUZp0L8761TkszSnCvqSzsGGf1e4eFXV6rjjfsFio2":{"chainKey":{"counter":0,"key":"GjB3MaBRKKr3X/STcTvlrRSnq2WYlNCe3skfwJmfDkU="},"chainType":1,"messageKeys":{}}},"pendingPreKey":{"signedKeyId":1,"baseKey":"BeYu25aetSMt/6PojP/H7fWedasApShmPcMjeFIl30Qb","preKeyId":45}}},"version":"v1"}