{"_sessions":{"BZ0T3+12uN9/ZbWlG+QUWN2x4IlHCG+k9RNf4DAeBBxQ":{"registrationId":1640205724,"currentRatchet":{"ephemeralKeyPair":{"pubKey":"Baaq0l13gglgBKwIeaKYEOtt+AP2G7m9kiBMj5SnQKY6","privKey":"aNLEtIAl8lVtBO5XTn+LR4jToYbsOy9WedTFTFrrpXU="},"lastRemoteEphemeralKey":"BR0tJj3BaKO06rdMubOewkYv0vIpWscl93rbWtdeXZdI","previousCounter":0,"rootKey":"c0cg/UCECrGAxqyjdB/fjoj69ny4iCUKIOhth8rC58Q="},"indexInfo":{"baseKey":"BZ0T3+12uN9/ZbWlG+QUWN2x4IlHCG+k9RNf4DAeBBxQ","baseKeyType":1,"closed":-1,"used":1757066509906,"created":1757066509906,"remoteIdentityKey":"BUUVWdXh5bVIuF9ZCQK5fjn6QtQP/W5BHtHnIug66GVI"},"_chains":{"Baaq0l13gglgBKwIeaKYEOtt+AP2G7m9kiBMj5SnQKY6":{"chainKey":{"counter":0,"key":"cpyP+qsWyO1st8c5jUXC9VgY2oE12PRNdxeD5JsQikg="},"chainType":1,"messageKeys":{}}},"pendingPreKey":{"signedKeyId":10,"baseKey":"BZ0T3+12uN9/ZbWlG+QUWN2x4IlHCG+k9RNf4DAeBBxQ","preKeyId":9018775}}},"version":"v1"}