{"_sessions":{"BVF3PksglQRLY5QUsKbSa+VUxvdd5BYGPLGJRivjjchU":{"registrationId":273360417,"currentRatchet":{"ephemeralKeyPair":{"pubKey":"BbAriGFSr9v9qR5tLco6YRerIYkzRDxJIBw/GL584MJA","privKey":"WCA4BuybX3uhgaHTH1+8SwQ8hJBhgWIDNwh79dmSK00="},"lastRemoteEphemeralKey":"BfdUrG11GgWCKj/YGh04w3iRYoIRYqNxl/zXp5fFZKJo","previousCounter":0,"rootKey":"Z2pcRVCnQej/+j/BJbIpRZBU56g3zUB/v+42QwQzNqY="},"indexInfo":{"baseKey":"BVF3PksglQRLY5QUsKbSa+VUxvdd5BYGPLGJRivjjchU","baseKeyType":1,"closed":-1,"used":1757066510098,"created":1757066510098,"remoteIdentityKey":"BeH4JsqxgTlTHoRPzYrROmuIL4CXgB0HZrtHBiq+yIcQ"},"_chains":{"BbAriGFSr9v9qR5tLco6YRerIYkzRDxJIBw/GL584MJA":{"chainKey":{"counter":0,"key":"4fqjcEMDi1c+QwjlngDgiEwmY1xj8hUZIIEaaxk5G0g="},"chainType":1,"messageKeys":{}}},"pendingPreKey":{"signedKeyId":1,"baseKey":"BVF3PksglQRLY5QUsKbSa+VUxvdd5BYGPLGJRivjjchU"}}},"version":"v1"}