{"_sessions":{"BehjGsJ+7VAAoSjuvIu6JPICintOrLDaM/tZNIzZyd4t":{"registrationId":85530739,"currentRatchet":{"ephemeralKeyPair":{"pubKey":"BaafVnjfSrG1iNiWZ1nADQCK+nL4inVh5hL2alY0Qv5D","privKey":"AJEVwZ1/EcZIzbkb2kH8piVSU+2fKqi66kAC2LRXTms="},"lastRemoteEphemeralKey":"BYYdpVAA7D4E8gsrGDt/x6Z4SJt42WKb2TEGFecpAgI5","previousCounter":0,"rootKey":"+jFQ5z1UbNUvgf591T3o/MYEEKw80B2EXJbIK+wjp1g="},"indexInfo":{"baseKey":"BehjGsJ+7VAAoSjuvIu6JPICintOrLDaM/tZNIzZyd4t","baseKeyType":1,"closed":-1,"used":1757066510501,"created":1757066510501,"remoteIdentityKey":"BRV1Q7ZAEWb2ULXR+vNTpJF49+iOmA3tAmhgUnnR+SlY"},"_chains":{"BaafVnjfSrG1iNiWZ1nADQCK+nL4inVh5hL2alY0Qv5D":{"chainKey":{"counter":0,"key":"oXZRvVx1Cb3UE1ZxjrOoNOlcE5dbLS6xvYN0kOZG2gU="},"chainType":1,"messageKeys":{}}},"pendingPreKey":{"signedKeyId":140,"baseKey":"BehjGsJ+7VAAoSjuvIu6JPICintOrLDaM/tZNIzZyd4t"}}},"version":"v1"}