{"_sessions":{"BY7WV8yMnlN09k0qBOdCTiqdP4KPHMfz87mCBe0Q4BN4":{"registrationId":1293966549,"currentRatchet":{"ephemeralKeyPair":{"pubKey":"BfzIwJItFkLegPPljzRZsDM+VndtLR7l9huGQYdiePRC","privKey":"uIe6kQEjT3mfVdPHxBjg/UXffm0WUoe8Bav7fvuVyEE="},"lastRemoteEphemeralKey":"BcMJimVZw2s5cv7eoPNaWeC9GkCN2w3arCe7X/5AjX1S","previousCounter":0,"rootKey":"2tt8B9OWr9CmkCP7TCU8XGfnwwTE2T3GFba8AWszHJg="},"indexInfo":{"baseKey":"BY7WV8yMnlN09k0qBOdCTiqdP4KPHMfz87mCBe0Q4BN4","baseKeyType":1,"closed":-1,"used":1757066509920,"created":1757066509920,"remoteIdentityKey":"BdLGwHrDR9Jiq0bUTkEn4E7tSo2d6BsXBMIFSqAwTpxv"},"_chains":{"BfzIwJItFkLegPPljzRZsDM+VndtLR7l9huGQYdiePRC":{"chainKey":{"counter":0,"key":"lRX7DnzFSqxhdKzJKBJC9SpMk/pZw6Q/B+kQV8Q9rEE="},"chainType":1,"messageKeys":{}}},"pendingPreKey":{"signedKeyId":2,"baseKey":"BY7WV8yMnlN09k0qBOdCTiqdP4KPHMfz87mCBe0Q4BN4"}}},"version":"v1"}