{"_sessions":{"BS/6VBEMXjPcw+ddXoNgWqBr8s8ZVIz5+C3yMk+iL8c/":{"registrationId":833334276,"currentRatchet":{"ephemeralKeyPair":{"pubKey":"BXhpc7E6CJjz6FiMFbuRfxb9TF4NyfKsOKuig8lUy80S","privKey":"oJ3n11P8A0eEm3/V84rI47gjsboY34w2/O00RQQl+H4="},"lastRemoteEphemeralKey":"BfdzW5EKKG8cyuR1pmQXu6QezK9L6ezeShhD5RJpn5pp","previousCounter":0,"rootKey":"tXlZE5SU/whZgCD6mFj7pE6E5DkeZAvmD1USHWRQHJQ="},"indexInfo":{"baseKey":"BS/6VBEMXjPcw+ddXoNgWqBr8s8ZVIz5+C3yMk+iL8c/","baseKeyType":1,"closed":-1,"used":1757066512002,"created":1757066512002,"remoteIdentityKey":"Ba4cadZFPStxwJw7lZce3+sFZpw5agGrhdnEaH/qarA2"},"_chains":{"BXhpc7E6CJjz6FiMFbuRfxb9TF4NyfKsOKuig8lUy80S":{"chainKey":{"counter":0,"key":"mK4LEUzoH6whx73ZKAAUSDMmZPaNd8CLpa4cK/1gSvA="},"chainType":1,"messageKeys":{}}},"pendingPreKey":{"signedKeyId":1,"baseKey":"BS/6VBEMXjPcw+ddXoNgWqBr8s8ZVIz5+C3yMk+iL8c/","preKeyId":185468}}},"version":"v1"}