{"_sessions":{"Bdzs80eIHQtVLF+YnHyJ8vdzVoxOKT5yxW6UCJv5AK5m":{"registrationId":2009729062,"currentRatchet":{"ephemeralKeyPair":{"pubKey":"BdN36ovSY/1YKH4vLNVdVi4VMBLSicvvWc61hVWXXZZn","privKey":"yEClu6zMQQJPeTozVG62tMHf68pnmHQ1NF3+GGZDIlI="},"lastRemoteEphemeralKey":"BWIciaigVKFvP6vOW8O2tqf2qGKaoFxGyVNKbtA5+ENA","previousCounter":0,"rootKey":"N5OCHT9Jr/iigaFuX9I5OUyXNi4cKyhgl9H/+DJaCRE="},"indexInfo":{"baseKey":"Bdzs80eIHQtVLF+YnHyJ8vdzVoxOKT5yxW6UCJv5AK5m","baseKeyType":1,"closed":-1,"used":1757066512014,"created":1757066512014,"remoteIdentityKey":"BfJUHe3DQAprKSjrHa05KnqizGLdprjdCX9Rhv2jTiZb"},"_chains":{"BdN36ovSY/1YKH4vLNVdVi4VMBLSicvvWc61hVWXXZZn":{"chainKey":{"counter":0,"key":"nZMDLfkDj1tDqgC7NnzOBhm/U5JpdCKbelnFOp6RdDs="},"chainType":1,"messageKeys":{}}},"pendingPreKey":{"signedKeyId":1,"baseKey":"Bdzs80eIHQtVLF+YnHyJ8vdzVoxOKT5yxW6UCJv5AK5m"}}},"version":"v1"}