{"_sessions":{"BRlGRMomfwoT641L/A4ZYxlQI0oRB1ayHF35xz6ErydV":{"registrationId":1464596095,"currentRatchet":{"ephemeralKeyPair":{"pubKey":"BVbbCLK/1gR5otv61AHyFv8/PuyQtV0InLD3rqD1fqUH","privKey":"YHJTxuZqu7gltBPmcqzJZnl6JsYeCDm6UPwmNZa5NGw="},"lastRemoteEphemeralKey":"BfhQELCgxL61pTB/c/tWv2glZaV4DQ3OZxFCc7QlHOpN","previousCounter":0,"rootKey":"ZGWO8wlyMr1ks3JvmtW/xGwKz2YYa0lm9LYOlQy8vDk="},"indexInfo":{"baseKey":"BRlGRMomfwoT641L/A4ZYxlQI0oRB1ayHF35xz6ErydV","baseKeyType":1,"closed":-1,"used":1757066511299,"created":1757066511299,"remoteIdentityKey":"BcyEaaSleJyqi6lzfHMlNimk5ZH/KjymP6gss3GXCClg"},"_chains":{"BVbbCLK/1gR5otv61AHyFv8/PuyQtV0InLD3rqD1fqUH":{"chainKey":{"counter":0,"key":"XNYuGmAQGCoRZQmeD6fcbceuydlzYI2TuxHy38HAiAw="},"chainType":1,"messageKeys":{}}},"pendingPreKey":{"signedKeyId":5,"baseKey":"BRlGRMomfwoT641L/A4ZYxlQI0oRB1ayHF35xz6ErydV","preKeyId":16381074}}},"version":"v1"}