{"_sessions":{"BYp796CRhDoDFeZNekS3x/PN/yPaGPNY3Z9mkYxrWN8/":{"registrationId":280526986,"currentRatchet":{"ephemeralKeyPair":{"pubKey":"BXECYdeSR234JrZP7oi6vMeHkuWv/9tO8gGSBGKxZ8Br","privKey":"wGDI5bG8UVOgpzI2ZsAbOhp73wCosk/BxQF5GrWfOmo="},"lastRemoteEphemeralKey":"BarVTZx/HE5aw97SGSkO3rBoNzGoiOyRJh+lWUXonaBC","previousCounter":0,"rootKey":"17hDetHZc73u+NRVGJbA2o9BEyh7YzNvC6O5RdtfOG4="},"indexInfo":{"baseKey":"BYp796CRhDoDFeZNekS3x/PN/yPaGPNY3Z9mkYxrWN8/","baseKeyType":2,"closed":-1,"used":1757065293722,"created":1757065293722,"remoteIdentityKey":"BTTNGS7vSwMOWxbCvuyTlDCs1Rc5N5dR88KHI5MkDiUd"},"_chains":{"BarVTZx/HE5aw97SGSkO3rBoNzGoiOyRJh+lWUXonaBC":{"chainKey":{"counter":1,"key":"vnyFjwTdYLfMOBiq+rt7G1LVEdwBCHkPVPNRK+AIxyQ="},"chainType":2,"messageKeys":{"0":"5m+UT9xPI4fw1r0MPrNhEI4RpgJmIfK2/pVkJD98yTU="}},"BXECYdeSR234JrZP7oi6vMeHkuWv/9tO8gGSBGKxZ8Br":{"chainKey":{"counter":-1,"key":"KJEWnt9SCAqZYJEFiBBWgu8R1q5a8WJ9n/148/Pfeb0="},"chainType":1,"messageKeys":{}}}}},"version":"v1"}