{"_sessions":{"BWe//UmEH9LH13WcyNNgfrklmPrJBbkJ5Az/rzmrbIxU":{"registrationId":960967580,"currentRatchet":{"ephemeralKeyPair":{"pubKey":"BduWrqPmbLmSz06zQxLIXVwGKh9vg6czpx1ZFfL459p2","privKey":"UImITX7AupKNTwiODLoUV9GBXN224yFliIkXSsX35lc="},"lastRemoteEphemeralKey":"BYBT5S+8gJWT8Lc2zM7bKd9SiRdwfxjeneWPE4uNOM9m","previousCounter":0,"rootKey":"3q7P5UqJnkccj8cgHnwXw+jXolIENthTMYj8CaAzVGw="},"indexInfo":{"baseKey":"BWe//UmEH9LH13WcyNNgfrklmPrJBbkJ5Az/rzmrbIxU","baseKeyType":1,"closed":-1,"used":1757066511599,"created":1757066511599,"remoteIdentityKey":"BXt3kQx/JAlY8WCOkBCOUl+v/s2i+wlTBIS2vUeyb4Jz"},"_chains":{"BduWrqPmbLmSz06zQxLIXVwGKh9vg6czpx1ZFfL459p2":{"chainKey":{"counter":0,"key":"SfIslM2XjjBFe6qYsEDyJbcbcobqLwJ/GvklMVJ9gYE="},"chainType":1,"messageKeys":{}}},"pendingPreKey":{"signedKeyId":7,"baseKey":"BWe//UmEH9LH13WcyNNgfrklmPrJBbkJ5Az/rzmrbIxU","preKeyId":13618452}}},"version":"v1"}