{"_sessions":{"BYShwqi8CeWYKx1iKGlz/f6neHqiJs7T6QQzU1dCs1lv":{"registrationId":573934348,"currentRatchet":{"ephemeralKeyPair":{"pubKey":"BRFBFixr78dw1Ptf6S4wLX7RM8F/E3iFJsClCVRd1T5S","privKey":"OJjFhrBUC42Fox5kBfsKOpSEJ7eI9+VEgO6LXckJhE4="},"lastRemoteEphemeralKey":"BUzhOoEyZJlCISZ5d1ThADAWmXGvvPsqwtSoaWxI9W0L","previousCounter":0,"rootKey":"HNaXasAAVeJYa3unWaDmJQesggNUDm47nDrpp7XeFRM="},"indexInfo":{"baseKey":"BYShwqi8CeWYKx1iKGlz/f6neHqiJs7T6QQzU1dCs1lv","baseKeyType":1,"closed":-1,"used":1757066512018,"created":1757066512018,"remoteIdentityKey":"BcasOzSsykfyXoRwRCfKU3UYSBnPVzF+51ua32z3AX1V"},"_chains":{"BRFBFixr78dw1Ptf6S4wLX7RM8F/E3iFJsClCVRd1T5S":{"chainKey":{"counter":0,"key":"MunwalR6Jbs3RNCYRqsVUsVINcnk2CoBzuRUT5A8Z5U="},"chainType":1,"messageKeys":{}}},"pendingPreKey":{"signedKeyId":6735224,"baseKey":"BYShwqi8CeWYKx1iKGlz/f6neHqiJs7T6QQzU1dCs1lv","preKeyId":1687}}},"version":"v1"}