{"_sessions":{"Ba4s+AZqDqq15rDzCOgJ4VvfTeCLMuzaiCB9PabrDXBa":{"registrationId":1786285249,"currentRatchet":{"ephemeralKeyPair":{"pubKey":"BbH44xn2xpsGTyI55Cxa+jXP2yN0Td9RgmRfTpUA8cs0","privKey":"iNGLOUuMCxd5BRuT5G87AAzUwduo43tUzR1KfGysG2I="},"lastRemoteEphemeralKey":"BWcdboPoDvJwfue6F/HUby7Yu8HWv4iuepemtpb4Cgss","previousCounter":0,"rootKey":"wHJWy5btyTMJrS43eUge3woi9L5/iTkZGSfRaOZ4CEQ="},"indexInfo":{"baseKey":"Ba4s+AZqDqq15rDzCOgJ4VvfTeCLMuzaiCB9PabrDXBa","baseKeyType":1,"closed":-1,"used":1757066511904,"created":1757066511904,"remoteIdentityKey":"BRw5WFTBGGJdCHWikbIgo0akWKatDCx3cpk4LPHVZRIH"},"_chains":{"BbH44xn2xpsGTyI55Cxa+jXP2yN0Td9RgmRfTpUA8cs0":{"chainKey":{"counter":0,"key":"ae1q1B7zuDuPF648NIwR/NE0XyB1p8VzPZ2tqpIYk40="},"chainType":1,"messageKeys":{}}},"pendingPreKey":{"signedKeyId":7,"baseKey":"Ba4s+AZqDqq15rDzCOgJ4VvfTeCLMuzaiCB9PabrDXBa","preKeyId":15442251}}},"version":"v1"}