{"_sessions":{"BdmYsLCzPi74hps193j/YXCQbduzrPNPJFxfwkfj4eZR":{"registrationId":79,"currentRatchet":{"ephemeralKeyPair":{"pubKey":"BZMeZWUIuVVocyM3XmEYCR3d3ySNSGz7qzshg9cUAkIq","privKey":"QEc0WBaOBKMd1Ywn5W+b7KLpyuZiK+ryG0yAsL703HY="},"lastRemoteEphemeralKey":"BU6pzBHMDIFEh99PBMnnXRSNtOf0sxFD5fVtADQYdDoT","previousCounter":0,"rootKey":"2roKIru00ELQYa6SKNNnRkhAX9IUwVbMHG+47KTfzUA="},"indexInfo":{"baseKey":"BdmYsLCzPi74hps193j/YXCQbduzrPNPJFxfwkfj4eZR","baseKeyType":1,"closed":-1,"used":1757066512110,"created":1757066512110,"remoteIdentityKey":"BdBvLDzxxfz0PBZcAi3w/Jexr7Gv+eHEvYcQqb7RIL0P"},"_chains":{"BZMeZWUIuVVocyM3XmEYCR3d3ySNSGz7qzshg9cUAkIq":{"chainKey":{"counter":0,"key":"nItP6YgywyGO1jER4b3I4fIG6TcHJoCL3/tTwxGVESk="},"chainType":1,"messageKeys":{}}},"pendingPreKey":{"signedKeyId":1,"baseKey":"BdmYsLCzPi74hps193j/YXCQbduzrPNPJFxfwkfj4eZR"}}},"version":"v1"}