{"_sessions":{"Bcv6L/4X+hJwA71WCjjt9iASkHNdxyMaFD7o28hYT/Ft":{"registrationId":1913568994,"currentRatchet":{"ephemeralKeyPair":{"pubKey":"BWDWqOHOCR6Rh5Ed122EPhSCGUYRvFVPhUTsmd0Ca344","privKey":"0CzQnPO/EN3eRtzBzfx6L0Wilj3RQ0ryAg1yl2AVh0E="},"lastRemoteEphemeralKey":"Bf75TuitImoWisXg8wcF8Hckf0dzCV3gWZ1AjQnww/hw","previousCounter":0,"rootKey":"IAdinUwtl50oZ1dThZ5VlVl9jZpj+AMQ+v091S2C3bI="},"indexInfo":{"baseKey":"Bcv6L/4X+hJwA71WCjjt9iASkHNdxyMaFD7o28hYT/Ft","baseKeyType":1,"closed":-1,"used":1757066510715,"created":1757066510715,"remoteIdentityKey":"BcfnTdAwYDSn20vOPIftK6G/kcaC3toZ+Pg6v2H8KlA5"},"_chains":{"BWDWqOHOCR6Rh5Ed122EPhSCGUYRvFVPhUTsmd0Ca344":{"chainKey":{"counter":0,"key":"6ZWbk5/7l0gvcIKIBdn6Okt/up5oj1l8YlTEhNL7zn0="},"chainType":1,"messageKeys":{}}},"pendingPreKey":{"signedKeyId":1,"baseKey":"Bcv6L/4X+hJwA71WCjjt9iASkHNdxyMaFD7o28hYT/Ft","preKeyId":16697256}}},"version":"v1"}