{"_sessions":{"BdvyGXZ5gIthzzOLKqIYTsnxrGRMy65hhZcu9BeKpg5k":{"registrationId":448993985,"currentRatchet":{"ephemeralKeyPair":{"pubKey":"Be5XzIMJ9mHOI7aaUVkVKz2mBSKS8O5ixiSw6jML4B9L","privKey":"QB7ar1rGNBU64biDOPL9KeauI/X4+NnchYJ9GXvfH3o="},"lastRemoteEphemeralKey":"BRkpuQM+vXF1o3oy4nqfrwHEpmFqUkJKleAaErCuyHIN","previousCounter":0,"rootKey":"30R70N9vD5RDjmCy2DYJBffK7S6hffm4LiFAsRgihNQ="},"indexInfo":{"baseKey":"BdvyGXZ5gIthzzOLKqIYTsnxrGRMy65hhZcu9BeKpg5k","baseKeyType":1,"closed":-1,"used":1757066511203,"created":1757066511203,"remoteIdentityKey":"BaZQhBVLvbj2qI1geqAy5X3Ff6QuFBQhS9civjZAkYt9"},"_chains":{"Be5XzIMJ9mHOI7aaUVkVKz2mBSKS8O5ixiSw6jML4B9L":{"chainKey":{"counter":0,"key":"9f0Ivct4MCoea+h2qkBDg20nBz8imaly0knOX0IHh2I="},"chainType":1,"messageKeys":{}}},"pendingPreKey":{"signedKeyId":6,"baseKey":"BdvyGXZ5gIthzzOLKqIYTsnxrGRMy65hhZcu9BeKpg5k","preKeyId":307261}}},"version":"v1"}