{"_sessions":{"BdfUdmi/htpyifJxaGiECmNS+6ceSDtQGLO+qVGz+psg":{"registrationId":64,"currentRatchet":{"ephemeralKeyPair":{"pubKey":"Bcasx/J83ERjh5rZRlgOggEsFG0G03adzaeBGHF0FkFg","privKey":"UDdYxcnRoKVOmRvDTUleoe5NVcETDLJvX2Gjd25PqGc="},"lastRemoteEphemeralKey":"BVJgPwj0SmdOPOk2dX/wqdXu2vkXIspN6eA5d3dnktAt","previousCounter":0,"rootKey":"9KtztK1JbboAogn9diaV9uXUkuAy6hXZRr5FTQrVtT0="},"indexInfo":{"baseKey":"BdfUdmi/htpyifJxaGiECmNS+6ceSDtQGLO+qVGz+psg","baseKeyType":1,"closed":-1,"used":1757066512102,"created":1757066512102,"remoteIdentityKey":"Bfvbm3IobgJd8kjdVzg+0zYOT9U6F/XA5z7gEaoiqJw5"},"_chains":{"Bcasx/J83ERjh5rZRlgOggEsFG0G03adzaeBGHF0FkFg":{"chainKey":{"counter":0,"key":"8xAfwsIJvw6xwkpoPCqQTL3RJIgEgHszdFUHub5IJn8="},"chainType":1,"messageKeys":{}}},"pendingPreKey":{"signedKeyId":1,"baseKey":"BdfUdmi/htpyifJxaGiECmNS+6ceSDtQGLO+qVGz+psg"}}},"version":"v1"}