{"_sessions":{"BYMXniyg9IaGFZbXgqMdeU5ECyMENhgdNy7OvEW958tC":{"registrationId":490089247,"currentRatchet":{"ephemeralKeyPair":{"pubKey":"BbvmTDy68LRqO+rjLAmHEIWhd+BjQ0Wc3dLHZrnPmc18","privKey":"mGW7hy8U1un4ceqEYBcmGwLI5eKo4hJjmSaOtYNBoW8="},"lastRemoteEphemeralKey":"Be4gYNQNzB+hmECCmKuTB6uqob2jh3j8M8O/zcHG+pJD","previousCounter":0,"rootKey":"vLnzry+DXbRlbaR8NZusJ1b5dZ40KqfL4fAHO/PTIH8="},"indexInfo":{"baseKey":"BYMXniyg9IaGFZbXgqMdeU5ECyMENhgdNy7OvEW958tC","baseKeyType":1,"closed":-1,"used":1757066510617,"created":1757066510617,"remoteIdentityKey":"BTPGZ7IyAkYbxiH4U80rwXnELxhNSua7Mq2wTGlz4PJC"},"_chains":{"BbvmTDy68LRqO+rjLAmHEIWhd+BjQ0Wc3dLHZrnPmc18":{"chainKey":{"counter":0,"key":"2UR2gEVd5TewZgkcRGuF1DNWPcFnQsN/fm0DLuEy3WM="},"chainType":1,"messageKeys":{}}},"pendingPreKey":{"signedKeyId":4,"baseKey":"BYMXniyg9IaGFZbXgqMdeU5ECyMENhgdNy7OvEW958tC"}}},"version":"v1"}