{"_sessions":{"BbLVurjjbr7qJ/mO73WBPVD5CLrr9OX5WGtu4SceRI9s":{"registrationId":256819236,"currentRatchet":{"ephemeralKeyPair":{"pubKey":"BfGx97ltqrmMy4yFCT8X3KaL5fSUcsxQrK+Tu/dv56h/","privKey":"EMJ5QAk8Rclw3HYteVODuhRru9lVba9v884y8LA7S1k="},"lastRemoteEphemeralKey":"BVdNyU3prWAkh/vhVvAlRrlkqxaIZxPeGbLlhG2s2zgF","previousCounter":0,"rootKey":"5h9ri9lynLs4RumBC598yTjuhcDTehY/lkHDLW5KJ4U="},"indexInfo":{"baseKey":"BbLVurjjbr7qJ/mO73WBPVD5CLrr9OX5WGtu4SceRI9s","baseKeyType":2,"closed":-1,"used":1757065988063,"created":1757065988063,"remoteIdentityKey":"BY7a2iNCSt+DE7H0G/7IjIo/XNPNPmXQtc+H5iTQ1KcE"},"_chains":{"BVdNyU3prWAkh/vhVvAlRrlkqxaIZxPeGbLlhG2s2zgF":{"chainKey":{"counter":0,"key":"uv23uKIaPYfB5ede0+GC1VCVsSxl6bgPm4yH7Rbh/Y0="},"chainType":2,"messageKeys":{}},"BfGx97ltqrmMy4yFCT8X3KaL5fSUcsxQrK+Tu/dv56h/":{"chainKey":{"counter":-1,"key":"spyQBdRq/6ra+tvcKohCoWFS1BjqC4Ia8xOliv4s30E="},"chainType":1,"messageKeys":{}}}}},"version":"v1"}