{"_sessions":{"BYdx6VXZr4OCw+458qc+/DB/J+8OCir5U8dQOTWz2AVj":{"registrationId":727033642,"currentRatchet":{"ephemeralKeyPair":{"pubKey":"BfSltOFMMuZzNFDkt+xsxG/KMhUkl74hqfjcTuMXSD8J","privKey":"8FLGX6auEE4ryrcWyIMbVwWwTsC/wPFjm6EqiUNiz1g="},"lastRemoteEphemeralKey":"Be+/Lh6QotPSqzuEIPk1NA9NF+TMUJMJrMwD6GIEqDci","previousCounter":0,"rootKey":"Op2HDey5gIkkyWvS9zV/ol5um7FofrJQAwdNyfCpLzw="},"indexInfo":{"baseKey":"BYdx6VXZr4OCw+458qc+/DB/J+8OCir5U8dQOTWz2AVj","baseKeyType":1,"closed":-1,"used":1757066512099,"created":1757066512099,"remoteIdentityKey":"Bf8uNFMd16dcbAJb8l0p/LgbhA4SVkmP4Xrq4X9mrS93"},"_chains":{"BfSltOFMMuZzNFDkt+xsxG/KMhUkl74hqfjcTuMXSD8J":{"chainKey":{"counter":0,"key":"UnjMSDtktFfMniAwD78ptQ/fcmsIkQEIUztAtBGIbds="},"chainType":1,"messageKeys":{}}},"pendingPreKey":{"signedKeyId":2,"baseKey":"BYdx6VXZr4OCw+458qc+/DB/J+8OCir5U8dQOTWz2AVj","preKeyId":1107}}},"version":"v1"}