{"_sessions":{"BS460Iz+JJPitwpnIQTfI/eC9Z5L03BgZPzMSpNS6/4w":{"registrationId":1035073845,"currentRatchet":{"ephemeralKeyPair":{"pubKey":"Bc8hLpxXYesHLFW5EuPJlVjnvHeoD96AidqVprZ31+Z2","privKey":"YPgp8H69D4b4kA0pY0p03efKj2dOzRaQK6APqVKxH0E="},"lastRemoteEphemeralKey":"BY6kmScZFdby8aJqm9/b95TXWJySCPhKvnXlUvqwrWYm","previousCounter":0,"rootKey":"7qUJjTNHOoYpYWtzhfUISuMcBG0uu11L2Spl4+/3mQo="},"indexInfo":{"baseKey":"BS460Iz+JJPitwpnIQTfI/eC9Z5L03BgZPzMSpNS6/4w","baseKeyType":1,"closed":-1,"used":1757066510407,"created":1757066510407,"remoteIdentityKey":"Ba/CuncNgkSao05qLroz0pj1uIEShrvLKAL56IIzkvc1"},"_chains":{"Bc8hLpxXYesHLFW5EuPJlVjnvHeoD96AidqVprZ31+Z2":{"chainKey":{"counter":0,"key":"tGhM3EcxfHL7c8oX9m3s3QejZs04BbDvPgGDtujaBXU="},"chainType":1,"messageKeys":{}}},"pendingPreKey":{"signedKeyId":0,"baseKey":"BS460Iz+JJPitwpnIQTfI/eC9Z5L03BgZPzMSpNS6/4w","preKeyId":7841065}}},"version":"v1"}