{"_sessions":{"BTl+tGtrBIC1cMdqcSZMxagaU3QCPHMESJqSnhTo5UIx":{"registrationId":436581860,"currentRatchet":{"ephemeralKeyPair":{"pubKey":"BcyKqlJip/+CIgd13PC2gYgyJN6byJKCvJwih0zW1+dE","privKey":"2DDVpLxjUm9ohTTrbatgCy9+FeQkCsrtdNrBOdAsc24="},"lastRemoteEphemeralKey":"BeDXI3OOJgQ105BvsRUr12reYFDkgEMz8aF9LCPcnMZN","previousCounter":0,"rootKey":"Z4LBJVH2alLi3d/1zOJgUk4+5yIajXJrWofclzI1Xls="},"indexInfo":{"baseKey":"BTl+tGtrBIC1cMdqcSZMxagaU3QCPHMESJqSnhTo5UIx","baseKeyType":1,"closed":-1,"used":1757066511913,"created":1757066511913,"remoteIdentityKey":"Bag/tDzDN7ZUQp1jhU0OwRWc8nAl1RoI9iyjc1K9/LBN"},"_chains":{"BcyKqlJip/+CIgd13PC2gYgyJN6byJKCvJwih0zW1+dE":{"chainKey":{"counter":0,"key":"/PmvNHg7LdSgrmA+ck8CWpw22EAtsLGMjW94DUeH2WE="},"chainType":1,"messageKeys":{}}},"pendingPreKey":{"signedKeyId":30,"baseKey":"BTl+tGtrBIC1cMdqcSZMxagaU3QCPHMESJqSnhTo5UIx","preKeyId":6563707}}},"version":"v1"}