{"_sessions":{"Baho5E6FrfY13CAFR7yHnDHdIq/dbxwvRlThARioLnUl":{"registrationId":308490324,"currentRatchet":{"ephemeralKeyPair":{"pubKey":"BV9Lk326YCu3YaziZWbUACkv95CakeawqyAgmO7lQHdp","privKey":"qAtprZtboTWI4Lh44N7rpcqD0gaDQtZup+x2wiU2AX8="},"lastRemoteEphemeralKey":"BTPgzNRHjPbuYIc82Y9k/QG9uil2cNpjUu2n9vjXhR1e","previousCounter":0,"rootKey":"461D3UUzlKWDTQhW2MAxF9Ug9XMySVOzCWRkcITVyBk="},"indexInfo":{"baseKey":"Baho5E6FrfY13CAFR7yHnDHdIq/dbxwvRlThARioLnUl","baseKeyType":1,"closed":-1,"used":1757066511815,"created":1757066511815,"remoteIdentityKey":"BdEymsFqWI6V5e0DFbZkhVMLGrdnenLMo/XHLH0wVXoJ"},"_chains":{"BV9Lk326YCu3YaziZWbUACkv95CakeawqyAgmO7lQHdp":{"chainKey":{"counter":0,"key":"zAW93iAYUfc5CCCkrSoB80mK5CbvaCKrnu5W6eVkyZ4="},"chainType":1,"messageKeys":{}}},"pendingPreKey":{"signedKeyId":13,"baseKey":"Baho5E6FrfY13CAFR7yHnDHdIq/dbxwvRlThARioLnUl","preKeyId":10891784}}},"version":"v1"}