{"_sessions":{"BekeyZncCy39IXX6jppsOWnladTTrE6NvDW6M9/E9zZw":{"registrationId":232,"currentRatchet":{"ephemeralKeyPair":{"pubKey":"BSM/yk7PPytOvs1mVEPgI2+Wil5bprRoGeoZ+sp0S2gf","privKey":"uIelSWD2SIhwtjvFsZv5cIjob7V/SSflqX5mxvYGCGE="},"lastRemoteEphemeralKey":"BfntMnuTyCNdGQX64Kx6yjSfAAl0an6YNGBUiDKrQLRe","previousCounter":0,"rootKey":"ZvijKKivHviAxBDsPMsrBuX8QIXp4stzpCuuKLmktsw="},"indexInfo":{"baseKey":"BekeyZncCy39IXX6jppsOWnladTTrE6NvDW6M9/E9zZw","baseKeyType":1,"closed":-1,"used":1757064377260,"created":1757064377260,"remoteIdentityKey":"BUM2nsSTqbE5Vq8RMt1i/Ft0rjz1U8pIn4YERsWnknow"},"_chains":{"BSM/yk7PPytOvs1mVEPgI2+Wil5bprRoGeoZ+sp0S2gf":{"chainKey":{"counter":0,"key":"OsgogVFKUEtyGCsnMyeWtD0ij5Olw6xT6un4FdVLDWs="},"chainType":1,"messageKeys":{}}},"pendingPreKey":{"signedKeyId":1,"baseKey":"BekeyZncCy39IXX6jppsOWnladTTrE6NvDW6M9/E9zZw"}}},"version":"v1"}