{"_sessions":{"Bb/6Z/dQz/yJSj/vN5yNcJpnw5TUNl1tEEVbLbbuGnwM":{"registrationId":480474468,"currentRatchet":{"ephemeralKeyPair":{"pubKey":"BQbEaJ0Rl6w2na20jISQXGalidrL7DmMWcqbOefRVRhJ","privKey":"aOc49G0cf611dByKUm1ZaTgO5EpeqzFjh1T/tfa6gFA="},"lastRemoteEphemeralKey":"BRrG8V9/K/uCm6M8DZYOM1vT9voqKEwUCjJ9ZXH6uNs6","previousCounter":0,"rootKey":"mFzqgnHq461W9EcfqxJNdg4Zw914VRp3NSHG+Z6dMqQ="},"indexInfo":{"baseKey":"Bb/6Z/dQz/yJSj/vN5yNcJpnw5TUNl1tEEVbLbbuGnwM","baseKeyType":1,"closed":-1,"used":1757066511819,"created":1757066511819,"remoteIdentityKey":"BUu0+KubCAy0uIYN7pONOWZ8KvKgXRYwGvsXPwegLmZ4"},"_chains":{"BQbEaJ0Rl6w2na20jISQXGalidrL7DmMWcqbOefRVRhJ":{"chainKey":{"counter":0,"key":"QgqXGnJM+Zf19Y1CTN49glXBafa8u36ym5wBPhhgeoU="},"chainType":1,"messageKeys":{}}},"pendingPreKey":{"signedKeyId":10,"baseKey":"Bb/6Z/dQz/yJSj/vN5yNcJpnw5TUNl1tEEVbLbbuGnwM"}}},"version":"v1"}