{"_sessions":{"BarMJLytdaW+zBC+3PVyyNbSKuRDIRK7ZyqRzq/7H5dG":{"registrationId":998679600,"currentRatchet":{"ephemeralKeyPair":{"pubKey":"BST80xcJoVOVxuouQPayxbfhn/hSdWA0kTFYTggd4Tpe","privKey":"KNPn5VIR27daniITIQA70JER42Jvwga+8LGbczymJEg="},"lastRemoteEphemeralKey":"BXW6pV6nGW5qXQVxLn5H0DFflsRuIdkplWRFyn5nvfkZ","previousCounter":0,"rootKey":"krrwiK6B3Stwccwt2qe2qyJhSt01XPnawOmLsQxV7FQ="},"indexInfo":{"baseKey":"BarMJLytdaW+zBC+3PVyyNbSKuRDIRK7ZyqRzq/7H5dG","baseKeyType":1,"closed":-1,"used":1757066510719,"created":1757066510719,"remoteIdentityKey":"BUSKf4haMjWAvNJoAzz6mT/KnEbP21ep9eHP/XRuA8p7"},"_chains":{"BST80xcJoVOVxuouQPayxbfhn/hSdWA0kTFYTggd4Tpe":{"chainKey":{"counter":0,"key":"1SQ97VoYqoloqs+AvZmesoJNtMQ8EstktpWJOHwTOQI="},"chainType":1,"messageKeys":{}}},"pendingPreKey":{"signedKeyId":15,"baseKey":"BarMJLytdaW+zBC+3PVyyNbSKuRDIRK7ZyqRzq/7H5dG","preKeyId":14198898}}},"version":"v1"}